4010990040117196|02|27|536|Lisa Kikly|7570 46 AveN159|StPetersburg|FL|33709|US|(727) 768-9019|childofJehovah64@gmail.com
4100400175426751|05|25|641|Kenneth Fleming|po box 583|Torrance|CA|96932|US|(0 byent@hotma|lpfaff181@hotmail.com
4115680255653845|05|25|613|Shirley Young|8358 Georgia Ave|Gulfport|MS|39501|US|(122) 831-3692|lorettayou221@att.net
4264525286035208|05|25|283|Cascadia Freightliner|630 Bell Blvd S|Lehigh Acres|FL|33974|US|(123) 954-3772|midtransport409@gmail.com
5115581725737233|05|25|604|Bruce Meadows|12067 Westwold not apartment|Tomball|TX|77377|US|(128) 179-6074|bruce1meadows@gmail.com
4782002072007232|05|25|647|JACQUELINE HILL|16598 Bentler St|Detroit|MI|48219|US|(131) 353-7017|hilljacqueline@att.net
4100390454898749|05|25|335|Kimberly Ingram|555 Whitney Ave|Akron|OH|44306|US|(133) 057-3804|kimberlyingram915@gmail.com
5178059242046770|05|25|829|Tauheedah Sabreekelsey|3960 North 26st|Milwaukee|WI|53206|US|(141) 433-9625|t.sabree.k@gmail.com
4867010028820044|05|25|165|Patricia Rooney Lang|340 E Veterans Way Unit #1|Mukwonago|WI|53149|US|(141) 449-1266|trisherrooney@gmail.com
5159420133531812|05|25|987|Fawn Cowgill|825 Prospect Street|Webb City|MO|64870|US|(141) 743-4246|fcowgill63@gmail.com
4113800059125855|05|25|616|Oleg Pikovets|345 GLEN Oak rd.|Venice|FL|34293|US|(142) 532-2711|papikoleg@live.com
4189400052765085|05|25|065|Lea Floyd|537 Orchard ave|Lansdowne|PA|19050|US|(148) 435-0976|floydlea31@gmail.com
Link Group: https://t.me/phongbatvendor
4007600000728024|05|25|540|Faduma Ali|224 Barnett St NE|Grand Rapids|MI|49503|US|(150) 238-6219|homar4095@gmail.com
5590340018571773|05|25|881|Alena Denison|301 N Victoria|Chewelah|WA|99109|US|(150) 966-9453|alena.m.denison@gmail.com
4447962672617663|05|25|542|Heidi Anyos|34 E Meyer Road|Clifton Park|NY|12065|US|(151) 832-2798|heidianyol@yahoo.com
4447962693000121|05|25|020|Keith Smith|23 spring street|Cohoes|NY|12047|US|(151) 889-2783|smthcruze@aim.com
5511294500679220|05|25|671|Joe Nickels|1795 Hooker Oak Ave|Chico|CA|95926|US|(153) 034-3455|joe_nickels@sbcglobal.net
5178059666184446|05|25|327|James Underwood|4343w Princeton ave|Fresno|CA|93722|US|(155) 949-4270|jimmicheal683@gmail.com
5498250000410224|05|25|582|Deborah Laino|675 Normandy Ln|Delray Beach|FL|33484|US|(156) 184-3090|dlaino52@gmail.com
5102891001601275|05|25|225|Christine Braxmaier|301 Heathcliff Drive|Hillsdale|MI|49242|US|(157) 932-8316|seabrax@gmail.com
5178057504572780|05|25|640|RONDA COOK|1621 N 197 RD|Buffalo|OK|73834|US|(158) 072-7505|r.ronda@gmail.com
5115580805109362|05|25|344|Sammie Bond|303 patterson rd|Sumrall|MS|39482|US|(16 Sammiebond|69@gmail.como
4239801106684091|05|25|993|Eleanor Moslein|335 E King St Apt 431B|Malvern|PA|19355|US|(161) 062-2669|themosleins@aol.com
5178059684477400|05|25|394|Taj Richards|957 Alpine Drive|Teaneck|NJ|07666|US|(164) 630-6175|TajRichards@gmail.com
4426441086236613|05|25|291|James Smith|498 Southern BLVD 5A|Bronx|NY|10455|US|(164) 654-2655|jayhitter22@gmail.com
372753963781004|05|25|0327|V4N 6M6|Mary Rose Santos|34 15788 104 Ave|Surrey|BC|CA||
5291498877487499|05|25|846|Robert Weber|128 Hager Point Lane|Mooresville|NC|28117|US|(170) 497-7737|rweber42@aol.com
5178059706994127|05|25|625|B Prince|3510 rushing rd|Augusta|GA|30906|US|(170) 646-1589|MarcusPrince48@gmail.com
373321909656000|05|25|1831|M2J3C6|rudybalasa rudybalasa|30 Godstone road unit 901|northyork|SK|CA||
5178059436901913|05|25|407|Deborah Hill|2845 waialae avenue|Apollo|PA|96826|US|(172) 488-2316|ljw33897@gmail.com
Link Group: https://t.me/phongbatvendor
4100390050691753|05|25|170|Christopher McIntosh|4869 ETwain Ave.|Las Vegas|NV|89121|US|(172) 520-1966|manofst33l@gmail.com
5178059197602445|05|25|449|Robert Robertson|4624 West Norfolk Rd|Portsmouth|VA|23703|US|(175) 738-1264|robertsonrobert488@gmail.com
4147099825982166|05|25|593|James Phipps|1403 s union st|Kokomo|IN|46902|US|(176) 543-2323|jimphipps18@gmail.com
4204954155518909|05|25|607|Linda Millar|17820 N 130th Dr|Sun City West|AZ|85375|US|(177) 367-8318|linda62254@yahoo.com
374203643941006|05|25|7869|Janet Chase|54 Warner Close|HASSINGHAM|NULL|NR13 2FE|GB|077 4005 1558|leonardopiga94191@verizon.net
374229040561006|05|25|9557|Mary Williams|21 Mill Lane|CORSE|NULL|AB54 2UE|GB|078 4084 6789|namaste4u2828@icloud.com
374239682111002|05|25|8800|Daniel Fowler|12 Rowland Rd|ORSTON|NULL|NG13 4TN|GB|079 5860 6260|alban.v98@icloud.com
375074439871007|05|25|1608|13051|Stefan Schamberger|Berlin|Berlin|Ribnitzer Str  19|DE||
379237354001001|05|25|8118|Georgia kenyon|252b Rutherford rd|Lexington|SC|29073|US|(180) 344-6506|georgiakenyon792@gmail.com
376249736068221|05|25|3282|32040|Mazlan.Jemaan|No 370Manjung Point Seksyen 1|Seri Manjung|Perak|MY||
376314862252005|05|25|6444|Grant Larter|270-99 Villette City, Pruksa|Bangkok|NULL|10250|TH|303-225-2020|arde.fejzaj@gmail.com
376684848891005|05|25|1689|Fannie Johnson|41 Trinity Crescent|WEYDALE|NULL|KW14 7FS|GB|070 4586 2720|kuE9ZpDv@laotie.com
4859320419624669|05|25|774|Joyia Moore|2615 Kellar Ave|FLINT|MI|48504|US|(181) 077-7138|joyiamoore87@gmail.com
4688371402877886|05|25|304|Henry Acosta|10010 greenfork dr 412|Houston|TX|77036|US|(181) 376-4703|henryacosta1989@gmail.com
5322110063460254|05|25|864|Suzan Lofberg|11115 Currey Drive|Sonora|CA|95370|US|(183) 747-4894|slofberg@live.com
5588469118902077|05|25|432|Joe Evans|8036 West Eastwood Ave.|Norridge|IL|60706|US|(184) 751-8111|Designstrategist@aol.com
4267520055014077|05|25|990|Tracey Kaczor|3701 NLoy Lake rd205|Sherman|TX|75090|US|(190) 365-0449|traceykaczor1@gmail.com
376930815823004|05|25|0501|121001|Latika Prabhu|B 415, Nit Nehru Ground|Delhi|Haryana|IN|95129241426|
Link Group: https://t.me/phongbatvendor
377093003322641|05|25|7969|1414|Wynand Morgan|PIERCY AVE|PARKHILL GARDENS|GAUTENG|ZA|27823304282|corne@hagar.co.za
5155490689640360|05|25|846|Danny Jurado|15000 ASHFORD ST Apt  2|HORIZON CITY|TX|79928|US|(191) 578-7634|annajurado7@sbcglobal.net
377385254001001|05|25|8437|Irene Neal|9 Nenthead Road|HIGH CALLERTON|NULL|NE20 7ET|GB|078 1851 8299|carlosmarcielf@yahoo.com.br
377386163001009|05|25|6617|Kristen Ortiz|33 Osborne Road|KING'S SOMBORNE|NULL|SO20 4SL|GB|070 3076 9634|Pgoudie@guyjbailey.net
377389228953008|05|25|3645|Charissa Kersten|44 Old Edinburgh Road|BELHINNIE|NULL|AB54 2NH|GB|078 5533 1550|jarda-04@hotmail.com
377390097533004|05|25|0986|Sandra Fultz|5 Wressle Road|PITMUIES|NULL|DD8 6WJ|GB|077 4990 2517|Katiiadaia@gmail.com
377391457891008|05|25|6403|Beverly Cardona|7 St James Boulevard|HOTON|NULL|LE12 6UY|GB|070 1694 8463|fhu28@wp.pl
377391531291001|05|25|2899|Lashanda Roundy|77 Manor Close|DODFORD|NULL|B61 8AQ|GB|079 4285 6203|Chrissynic2013@gmail.com
4100390059317939|05|25|023|cyril adams|P.O. Box 177|Stamford|CT|05444|US|(191) 784-6347|cyriladams82@yahoo.com
377699500073444|05|25|1688|Henry Bash|1993 Tycos Dr|Toronto|ON|M5T 1T4|CA|416-605-5443|caro7570@home.nl
377699501538296|05|25|7563|Agnes Brown|3577 St. John Street|Bredenbury|SK|S4P 3Y2|CA|306-898-7764|loerajacques@aol.com
Link Group: https://t.me/phongbatvendor
377699501836625|05|25|3420|Teresa Green|4544 Queen Elisabeth Blvd|Kelvington|SK|S4P 3Y2|CA|306-327-0784|cinfrank@hotmail.com
377699502857992|05|25|2751|Kristina Bruce|2366 Benton Street|Kitchener|ON|N2G 4L9|CA|519-574-2878|Daantjevst@hotmail.com
377699507125064|05|25|5336|P6A 1Z2|Delores D Stancil|4386 Churchill Plaza|Sault Ste Marie|Ontario|CA|705-971-9045|
377699508429747|05|25|8183|Estabrook Thomas|1424 Harvest Moon Dr|Unionville|ON|L3R 0L7|CA|905-248-0601|bendolphama@gmail.com
377699509374538|05|25|6589|Redding Terry|126 Maynard Rd|Calgary|AB|T2E 6J8|CA|403-463-1517|mannyescaleira@gmail.com
377699801271861|05|25|8038|Wiseman Rebecca|4189 Tycos Dr|Toronto|ON|M5T 1T4|CA|416-979-2110|nerisbatres88@gmail.com
4037840017090539|05|25|763|Jocelyne Belizaire|9079 cold stream lane|Trenton|AL|55347|US|(191) 960-1706|julio_williams@hotmail.com
5155491508564278|05|25|143|Vincent Jaramillo|3946 HIGHGATE WAY|PITTSBURG|CA|94565|US|(192) 569-8546|vincejwg49ers@gmail.com
5518490005087884|05|25|367|Terry Mancy|684 oneida drive|Springfield|OH|45502|US|(193) 732-7167|terrrylynnm@woh.rr.com
4133310137954264|05|25|802|Elmer Tackman|1285 Orchard Rd|Essexville|MI|48732|US|(198) 989-5815|etsalamo@att.net
379068240191007|05|25|3742|Gist John|1674 Scotts Lane|Cumberland|BC|V0R 1S0|CA|250-336-3751|marisa5182@yahoo.com
379185134403908|05|25|1616|50470|Kuning binti Shuib|B 130 Jln Thamby Abdullah 50470 Wilayah Persekutuan 50470 Malaysia 50470 Malaysia|Kuala Lumpur|Wilayah Persekutuan|MY|032274-9854|
379185135538967|05|25|9081|Khalijah Mohamed|Entertainment Dept, PWS, Sri Pentas, Bandar Utama|Petaling Jaya|Selangor|47800|MY|017-8788781|jorge.mallen.20@gmail.com
379185135888859|05|25|9699|aishah saidatina nur|D269|Terengganu|kuala terengganu|20050|MY|0134135695|saidatinanuraishah246@gmail.com
379186137600383|05|25|2740|33300|asmalaili wan din|no81 jalan desa kasih.taman desa kasih|gerik|Perak|MY||
379186138761713|05|25|1870|43800|Amy Ni|lot 184 taman dengkil|dengkil|selangor|MY||
379186139098669|05|25|8482|Tham Wai Min|18, tingkat kledang 6, taman kledang,menglembu|Perak|Ipoh|31450|MY|60125867523|homeshopitalia@gmail.com
379186139487284|05|25|9524|Godson.Molling|No.66, Lot 6530, Lorong 2A5, Tabuan Laru, Jalan Setia Raja|Kuching|Sarawak|93350|MY|825252045|andonovska1@gmx.at
379186330343278|05|25|6498|PHEINY CHER|1409 JALAN SUNGAI DURI, KAMPUNG WELLESLEY MK 5, 14200 SUNGAI BAKAP, S.P.(S) PENANG|Pulau Pinang|SUNGAI BAKAP|14200|MY|01114423933|Spcher1113@gmail.com
Link Group: https://t.me/phongbatvendor
379196281911015|05|25|8589|Rebecca Heald|85 Seafield Place|FOSS|NULL|PH16 0ZH|GB|077 7796 5921|ankamisia@wp.pl
4400662690439943|05|25|814|Ditzah Wooden-Wade|7 Mitchell Street 7 Mitchell Street|Sharon|MA|02067|US|(201) 854-6957|powerssduth16@gmail.com
4489950162700783|05|25|350|Angela Birth|1920 Bruce PL SE House|Washington|DC|20020|US|(202) 367-8628|48Treasure@gmail.com
379380507461001|05|25|4145|7390004|TATSUYA|KUSAKABE|1-17-803|Higashihirosima|Hiroshima|JP|8109053808107
4400660651677055|05|25|806|Claudia McPherson|837 Millard Fuller Dr|Montgomery|AL|36110|US|(202) 937-4202|edbarnesclaudia37@yahoo.com
4400665217755949|05|25|456|Alvaro Guzman|2807 Radius rd|Silver Spring|MD|20902|US|(202) 967-6292|alvaritoguzman27@gmail.com
5111970754714300|05|25|528|Linda Gauvin|PO Box 1985|Maggie Valley|NC|28751|US|(203) 285-4074|lindagauvin25@gmail.com
4037840789968656|05|25|485|Deljew Martin|132 Mount pleasant Street|Derby|CT|06418|US|(203) 300-3803|mdeljew@gmail.com
4465420382615789|05|25|557|Kat Gravelle|77 spring st|Wethersfield|CT|06109|US|(203) 450-4060|frostykat123@gmail.com
4806360559071044|05|25|315|Jean Brim|13 Glenwood  Ave 01|Norwalk|CT|06854|US|(203) 451-4811|brimjean@Yahoo.com
4505530184044673|05|25|215|ZOFIA LOWISZ|8 Spinland StCaledon|Liberty Township|OH|L7C1Z9|US|(203) 645-5081|cassidychavira11@gmail.com
4327390082636385|05|25|608|Theresa Willoughby|166 Harbison Drive|Mulga|AL|35118|US|(205) 246-5767|luvribbonarts@yahoo.com
379364027538431|05|25|9226|Lewis Blake|1310Froglevel rd|West Blocton|AL|35184|US|(205) 340-4635|
379854969551004|05|25|0524|147001|Pankaj Chauhan|Omaxe mall Ground floorshop no  11|Patiala|Punjab|IN||
5178058826802947|05|25|564|Elrick Gayles|268 foxglen rd house|Birmingham|AL|35215|US|(205) 440-7557|sweetjones360@gmail.com
4100390074447976|05|25|795|Gloria Rowe|361 Phillips Lane|Pell City|AL|35125|US|(205) 505-1612|garowe1@hotmail.com
4100390452216233|05|25|144|Judith Cato|82 Jackson Dr|Dora|AL|35062|US|(205) 600-3247|catoj485@gmail.com
Link Group: https://t.me/phongbatvendor
4100400186580372|05|25|575|Robin Crump|248 Daisy Drive B13|Birmingham|AL|35214|US|(205) 603-8312|robincrump64@gmail.com
4584386009297754|05|25|194|Blake Williamson|2019 3rd Ave S|Pell|AL|35128|US|(205) 615-9217|thewilliamsonsof5@gmail.com
4695587701458158|05|25|670|Lashonda Robinson|308 64th St 308|Fairfield|AL|35064|US|(205) 808-2694|08lashondarobinson@gmail.com
5178057590381245|05|25|579|Peggy Palmer|1816 Hummingbird Lane|Birmingham|AL|35226|US|(205) 835-6692|ppalmer@realtysouth.com
4060956079957306|05|25|623|Joseph Lavandier|109 23rd ave e 304|Seattle|WA|98112|US|(206) 304-0420|josephlavandier@yahoo.com
4802138531018315|05|25|343|Greg BrooksBowen|19732 filbert dr|Bothell|WA|98012|US|(206) 369-4454|moverstim@hotmail.com
5159420176557369|05|25|320|Delphine Harris|4045 South 212th Court Unit B|SeaTac|WA|98198|US|(206) 551-1891|cdelphine@comcast.net
5346360218437002|05|25|027|Patricia Ledgister|12430 N 19th Ave236|Phoenix|AZ|85029|US|(206) 676-2372|andre24.pl@gmail.com
5178059871619061|05|25|513|andrew bull|12818 SUNRISE DRIVE N.E.|Bainbridge Island|WA|98110|US|(206) 889-2639|apebull123@gmail.com
5466330222391515|05|25|111|Stephen Nappi|300 Richville Road|Standish|ME|04084|US|(207) 415-9438|nappi6833@gmail.com
4465420382740611|05|25|166|Shelby Black|123 Penney lane|Bradley|ME|04411|US|(207) 745-1046|blackshelby20@gmail.com
4465420494197742|05|25|032|Arlen young|5 goodwinloop Lot 16|Dover Foxcroft|ME|04426|US|(207) 746-0158|Kingthor47@gmail.com
4755830004336201|05|25|958|Sandra Genaw|114 Old Pine Hill Rd N.|Berwick|ME|03901|US|(207) 748-0844|sanrad19@yahoo.com
4100390048667881|05|25|697|Clare Olson|83 High St|Belfast|ME|04915|US|(207) 939-8116|clare.lynn.olson@gmail.com
Link Group: https://t.me/phongbatvendor
374355123604668|05|25|5082|Stephanie Jacobson|13745 N Philbin Rd|Pocatello|ID|83202|US|(208) 220-9744|kccsinc95@gmail.com
5474152013254029|05|25|289|Paul VanWassenhovve|22245 n.can-ada rd.|Star|ID|83669|US|(208) 250-7359|paulvanwassenhove50@gmaill.comm
4100390104015967|05|25|903|Charles Swartz|4633 Elmira Rd|Sandpoint|ID|83864|US|(208) 265-4343|charlesrswartz5@gmail.com
4100390512467347|05|25|072|Bear Figueroa|608 upper Fairmont st|Salmon|ID|83467|US|(208) 303-0199|rockymtbear71@yahoo.com
4017131022306910|05|25|541|Zarid Oumaima|Quartier Saada , Bloc 1 , Numero 10|Beni Mellal|Beni mellal|23000|MA|+212610204147|oumaima.zarid@gmail.com
4017427389438001|05|25|650|Leroy Morris|2070 Carlson Road|Prince George|BC|V2L 5E5|CA|250-961-5656|khagbp@aol.com
4019240165976278|05|25|463|7390004|TATSUYA|KUSAKABE|1-17-803|Higashihirosima|Hiroshima|JP|8109053808107
4758330021335820|05|25|294|VStanley Scown|89 S 800 E|American Fork|UT|84003|US|(208) 360-5779|vsscown@gmail.com
4663090187916573|05|25|077|Scott Bolen|1202 bear ave|Idaho Falls|ID|83402|US|(208) 360-6940|scottbolen1983@gmail.com
5178059199695561|05|25|545|David Pacheco|1207 normal ave 5|Burley|ID|83318|US|(208) 431-7870|
4100390577610484|05|25|300|Melinda Crowe|713 North Howard Street|Kellogg|ID|83837|US|(208) 610-2594|melindacrowe32@gmail.com
379657215552001|05|25|815|Hector Escalante|PO Box 281|South Dos Palos|CA|93665|US|(209) 270-1725|bowlingwhatsup1956@gmail.com
5178058352662293|05|25|546|Vu00edctor Martu00ednez|1635Sutro ave|Stockton|CA|95205|US|(209) 271-5880|vicmart209@yahoo.com
4100390711462404|05|25|550|Storeyellen Mack|32625 Greene Dr|Springville|CA|93265|US|(209) 283-4474|storeyellen@yahoo.com
5407915030725359|05|25|643|Deloria Cooper|9458 Hickock Drive|Stockton|CA|95209|US|(209) 430-3261|cooperdeloria3@gmail.com
4100400429288536|05|25|149|Teroy Jones|1515 E Bianchi Rd Apt 606 606|Stockton|CA|95210|US|(209) 472-9442|teroyj61@gmail.com
4100400082305312|05|25|978|Sherena Barrett|2513 Riverdale ave|Modesto|CA|05358|US|(209) 496-4882|priscillamhoon2@gmail.com
4400668633839628|05|25|765|Kimberley Gomez|1308 MULBERRY AVE|ATWATER|CA|95301|US|(209) 500-9851|kiminsd1964@gmail.com
4008981002847064|05|25|932|Sherri Boer|6520 River rd|Oakdale|CA|95361|US|(209) 541-5696|sherriboer@sbcglobal.net
Link Group: https://t.me/phongbatvendor
4852464219253084|05|25|955|Pamela Szilasi|321 Maze Blvd Ste A|Modesto|CA|95351|US|(209) 592-3816|pamelaszilasi@yahoo.com
4100390171435254|05|25|776|Adriano AlforqueJr|260 CherryBlossom Ln.|Patterson|CA|95363|US|(209) 640-2088|Adriano5557@icloud.com
5433601204500996|05|25|056|Debbie Tinges|510 Otis Drive|Ripon|CA|95336|US|(209) 712-1518|Befree061308@velociter.net
4053018393125885|05|25|215|Nancy Gee|11055 State St #1|Columbia|CA|95310|US|(209) 770-5589|geenan54@gmail.com
4115680280067995|05|25|476|Salvador U dela Cruz Sr|4305 N PERSHING AVE Apt  6|STOCKTON|CA|95207|US|(209) 910-9446|salvadordelacruz@att.net
5126552010264081|05|25|239|Loyce McCullough|4215 NPershing AvApt31|Stockton|CA|95207|US|(209) 922-4288|mccullough.loyce@yahoo.com
5563750127857280|05|25|620|Coleen Metzger|6106 Shady Creek|San Antonio|TX|78239|US|(210) 286-8815|blondiemetzger@gmail.com
5458005950335534|05|25|627|Alta Benton|2021 S Amnon dr Apt B|San Antonio|TX|78213|US|(210) 328-7717|altawbenton13@gmail.com
4100390067681441|05|25|775|Rick Cruz|710 Hoover|San Antonio|TX|78225|US|(210) 394-8672|RickCruz@mocospace.com
4403932286431167|05|25|881|Raymond Sanchez|7411 Pipe Spring St 601 florida st.|San Antonio|TX|78238|US|(210) 744-7963|titos_way@hotmail.com
6011208875284997|05|25|817|Jonn Orozco|1338 CLOWER|SAN ANTONIO|TX|78201|US|(210) 750-7034|Orozcojonn@gmail.com
Link Group: https://t.me/phongbatvendor
4315037505500805|05|25|823|randy coburn|6215 Fishpond Road|Converse|TX|78109|US|(210) 823-9299|rcoburn77@gmail.com
4100400432334319|05|25|324|Amber Ortiz|PO Box 1120|Somerset|TX|78069|US|(210) 882-8574|amber.minter8@gmail.com
4315037523591893|05|25|034|Diana Canales|515 Walton Ave|San Antonio|TX|78225|US|(210) 955-5728|canalesdiana640@gmail.com
5115163656163984|05|25|990|Dennis Rolniak|11838 parliment 805|San Antonio|TX|78216|US|(210) 975-5376|djrdennis1968@gmail.com
4147202609860406|05|25|680|Dorianne Beyer|365 W25th St15G|New York|NY|10001|US|(212) 675-1311|doriannebesq@gmail.com
4839505877520525|05|25|467|Lidia Pollack|33 Cherry St 619|Elizabeth|NJ|07202|US|(212) 729-3068|Havitall365@gmail.com
4100390465710883|05|25|153|Nicole Meadows|13714 Inglewood Ave C|Hawthorne|CA|90250|US|(213) 432-9252|dabqueenla@gmail.com
4447962563919806|05|25|848|Philip Wheeland|222 Melorine Drive|Grand Prairie|TX|75051|US|(214) 463-9178|2prw6977@gmail.com
4661880076222618|05|25|288|Shirley Haney|5509 wild foxglove rd|Spicewood|TX|78669|US|(214) 502-1359|Shbowl0906@gmail.com
4941609284947969|05|25|229|Ricky Hatcher|431 north Dallas ave|Lancaster|TX|75146|US|(214) 505-7034|lilhatch1@aol.com
Link Group: https://t.me/phongbatvendor
5178058553096531|05|25|855|Ginger Smith|526 Country View Ln|Garland|TX|75043|US|(214) 587-2126|ginger.smith1952@gmail.com
5178058657969096|05|25|086|Graceann Ryan|1524 Judy Drive|Plano|TX|75074|US|(214) 783-6461|graciefulryan530@gmail.com
5156769565593416|05|25|439|Susan Shondell|3400 Approach Lane|Little Elm|TX|75068|US|(214) 906-8695|Susie6210@hotmail.com
5178059546951188|05|25|533|Ronald J Ellis|404 Morehouse Dr|Wilmington|DE|19801|US|(215) 266-8486|ronaldellis404@aol.com
4232230236062597|05|25|489|Wendy Feldman|7256 Rising Sun Ave Apt 1|Philadelphia|PA|19111|US|(215) 385-0564|Wendle77761@gmail.com
4270880085658375|05|25|649|iva masin|2001 E Willard St 26740|Philadelphia|PA|19134|US|(215) 602-1032|ivmasin@gmail.com
5213331279817754|05|25|291|William Downey|887 N 23Rd St 2nd floor|Philadelphia|PA|19130|US|(215) 681-7635|billdowney13@gmail.com
4100400027528135|05|25|248|Felix Akinyemi|40 Lane Avenue Apt 2|Caldwell|NJ|07006|US|(215) 909-1637|akinyemiolaitan68@gmail.com
4100400088427235|05|25|646|Cameron Hinton|9104 sw 4th St.|Hume|MO|64752|US|(216) 412-3805|CameronHinton@gmail.com
5440456002811546|05|25|550|Willie Shannon|5257 Forest Avenue|Maple Heights|OH|44137|US|(216) 797-0019|willie_shannon3197@att.net
4100390134311444|05|25|130|Karen Wright|330E main st|Ramsey|IL|62080|US|(217) 313-7859|karenwright429@gmail.com
6011014386735422|05|25|121|Robert Evans|20 lake rd|Mansfield|LA|6237|US|(218) 780-5916|mkderry1968@gmail.com
5346361204510430|05|25|188|VINCENT YOUNG|1717 E MICHIGAN BLVD|MICHIGAN CITY|IN|46360|US|(219) 221-5612|vinnie_the_great11@yahoo.com
Link Group: https://t.me/phongbatvendor
5230980000980957|05|25|542|wanda coleman|547 porter st|Gary|IN|46406|US|(219) 313-4754|birdweelow@gmail.com
4516790374318348|05|25|859|Jane Patterson|3918 Luverne Street|Fort Myers|FL|33901|US|(219) 616-2543|robert995@comcast.net
4133310024842911|05|25|292|Angela K Gigliello|1007 E Ridge Rd|Gary|IN|46409|US|(219) 955-2209|mommabirdd3@gmail.com
5424092076947930|05|25|921|Veronica Zuniga|1603 elk haven dr|Anaconda|MT|59711|US|(224) 374-8694|drevilv@hotmail.com
5120256073485957|05|25|254|Tyrone Bryan|4824 Davis street|Skokie|IL|60077|US|(224) 384-5776|tyronebryan219@gmail.com
4715636542007025|05|25|811|Kathlyn Mullins|1830 W Highland Ave104D|Elgin|IL|60123|US|(224) 806-0783|misskathy1.1@juno.com
4147098417596475|05|25|754|Eugene Nicholas|4347 Bawell St|Baton Rouge|LA|70808|US|(225) 407-2483|nicholasliljoe@gmail.com
4798510278092255|05|25|776|John Franklin|3426 Madison Ave|Baton Rouge|LA|70802|US|(225) 558-1887|pferb320@gmail.com
4035620085740005|05|25|243|151001|Varun Pal|arjun nagar Bathinda st no 6 house no 15926|bathinda|pumjab|IN||
4035942312879012|05|25|021|85283|Veronika Redl|Gebehardstr. 16|Wolnzach|Bayern|DE|491784686845|veronika.redl@googlemail.com
4142290000182905|05|25|374|Kenneth Durand|3800 Juniper St.|Moss Point|MS|39563|US|(228) 249-2657|kthawkins33@aol.com
4264282982598150|05|25|717|Mary Hollie|14 East Scurry Street|Mc Rae|GA|31055|US|(229) 315-5242|maryjameshollie@gmail.com
5581585927153508|05|25|456|Christopher Gay|262 West Central Avenue|Lenox|GA|31637|US|(229) 529-8234|crgay628@gmail.com
Link Group: https://t.me/phongbatvendor
5178058785800676|05|25|202|Nick Patel|107 Thomas court 107|Sylvester|GA|31791|US|(229) 548-1229|narendrapatel7474@yahoo.con
5307723376539066|05|25|771|Bobby Green|200 Lexington Dr|Albany|GA|31705|US|(229) 854-9163|bmgreen84@icloud.com
5424324315034968|05|25|424|Krys Lyle|28385 Eagle Hill Road|Beaver Island|MI|49782|US|(231) 448-2149|krys@kryslyle.com
5463257547253034|05|25|181|Sharon Cornell|4238 West 8th Street 4238 West 8th Street|Baldwin|MI|49304|US|(231) 679-6546|sherileecornell@gmail.com
4100390173876117|05|25|111|Leticia Rawdon|2085 Barclay St.202|Muskegon|MI|49441|US|(231) 730-9021|leticiavr02@gmail.com
4100400025748263|05|25|516|Patricia Diebel|2030 Ironwood East Court|Muskegon|MI|49442|US|(231) 767-5012|patd321comcast@gmail.com
371343401572008|05|25|7405|HowArd English|207 E Belvue Rd|Taylors|SC|29687|US|(231) 818-9300|lhe.corp@yahoo.com
4147400421644152|05|25|387|Daniel Cloyd|8502 S 27 Rd|Cadillac|MI|49601|US|(231) 876-0605|dfcloyd@gmail.com
4037840090408228|05|25|130|Thelma Ramirez|1405 SE 20TH ST|CAPE CORAL|FL|33990|US|(239) 244-5953|tcmullee@aol.com
4100390169386303|05|25|966|Ronald Smith|Po box 51307|Fort Myers|FL|33994|US|(239) 860-2789|conconron@gmail.com
5178058158828833|05|25|713|Elizabeth Redmond|7600 ALLENTOWN FARM CT|FT WASHINGTON|MD|20744|US|(240) 355-9725|Elizabethredmond12@gmail.com
4313512033640937|05|25|211|Christine Veirs|36222 Watch Hill Road|Frankford|DE|19945|US|(240) 418-8533|chrisveirs@verizon.net
4853400369848991|05|25|951|Ibrahim BALLEY|149 w tabor rd 2nd Fl|Philadelphia|PA|19120|US|(240) 437-8006|marcelballey22@gmail.com
5292632016265072|05|25|208|Marnetta Robinson|5841 Coastal Pointe Dr 216|Virginia Beach|VA|23455|US|(240) 750-3383|mrobins671@gmail.com
5178057866301901|05|25|867|JUANITA WAGERS|27073 BARRA|Novi|MI|48377|US|(248) 408-6347|juanitawagers@yahoo.com
4879170048786082|05|25|595|Cornelious Burns|3130 Fallen Oaks Ct Apt 305|Rochester Hills|MI|48309|US|(248) 464-2275|corneliousburns@yahoo.com
5447683506384828|05|25|070|DAMIEN DAVIS|13617 Faust Ave|Detroit|MI|48223|US|(248) 480-6455|Payne.Pateqxe@outlook.com
4100390059943593|05|25|264|Janet Bain|37047 Chickadee Lane|Farmington|MI|48335|US|(248) 790-0803|janetbain5@gmail.com
4807000041613040|05|25|704|Rose Chaldecott|314 StLawrence Blvd.|Northville|MI|48168|US|(248) 877-6090|rosebud34@wowway.com
4790729948510052|05|25|839|Wendy Rogers|1957 n star dr|Forest|MS|12345|US|(248) 962-8608|montecelotango@yahoo.com
4100390110697261|05|25|422|Patricia Miller|P.Obox654|Chatom|AL|36518|US|(251) 242-7271|millerpatrisha37@yahoo.com
4115680203030690|05|25|444|Robert Long|11150 Dauphin Island pkwy|Theodore|AL|36582|US|(251) 266-9772|robertclong59@gmail.com
4798410020783782|05|25|910|Nic Simon|4423 Emerald Ridge Drive|None|Florida|34233|US|(251) 454-9691|dpence507@gmail.com
4060956053891083|05|25|159|tonie Phillips|6620  Hunters Horn|Eightmile|AL|36613|US|(251) 458-2341|toniephillips1@gmail.com
5186528998972785|05|25|519|Cataria Orange|7051 Bowling Drive 73|Sacramento|CA|95823|US|(251) 635-2563|catariao09@gmail.com
